% Model,Aluminum Ring under Disk.mph
% Version,COMSOL 4.4.0.195
% Date,"Aug 12 2015, 07:26"
% Dimension,1
% Nodes,2501
% Expressions,1
% Description,Point graph
% X,Height
0,-3.1999344405421596E-6
10,-3.1999344405421596E-6
20,-5.406132168734616E-5
29.999999999999996,-4.1842032481458687E-4
40,-0.0019617446562186385
49.99999999999999,-0.006212903077294651
59.99999999999999,-0.014083741036174883
70,-0.023974741066872546
80,-0.03353338804254181
89.99999999999999,-0.04746949537646626
99.99999999999999,-0.08280393687776945
109.99999999999999,-0.15552643103222552
119.99999999999999,-0.24897576481828
130,-0.30186245428481606
140,-0.258298117894645
150,-0.13827956378194553
160,-0.017795825056824553
169.99999999999997,0.06936036738568506
179.99999999999997,0.14578948726888544
189.99999999999997,0.2086042809187642
199.99999999999997,0.22608427987438467
209.99999999999997,0.20089220854842355
219.99999999999997,0.15233689193940145
229.99999999999997,0.09484503186705619
239.99999999999997,0.07590387385564724
250,0.12318646245928917
260,0.1756446378653944
270,0.18319375090356224
280,0.17544302664559075
290,0.17266532336667037
300,0.1660258035802108
310,0.15650037585845009
320,0.12835796353887266
330,0.07628098733079451
339.99999999999994,0.033526243943364786
350,0.00186499549597427
359.99999999999994,-0.043282969820366064
370,-0.09207942622530281
379.99999999999994,-0.13023632427838694
390,-0.15757695110455608
399.99999999999994,-0.17214424675396522
410,-0.18458354895270665
419.99999999999994,-0.2049231224112915
430,-0.22574064511361958
439.99999999999994,-0.2364322578657373
450,-0.2237815956694447
459.99999999999994,-0.18019070557819994
470,-0.11180046358948574
479.99999999999994,-0.023924509091573214
490,0.07221840457369667
500,0.15203125132824008
509.99999999999994,0.1976317772076491
520,0.20796695551372316
530,0.19309252244904887
540,0.16474627102729456
549.9999999999999,0.12884824387165114
560,0.09042826569193732
570,0.05773847741341031
580,0.033912252959322084
589.9999999999999,0.01196592603370085
600,-0.016560184107993352
610,-0.05288395226806539
620,-0.09127817630199356
629.9999999999999,-0.12262818518332702
640,-0.1409117460829731
650,-0.14743128664610625
660,-0.14646634675332282
670,-0.1409389918327855
679.9999999999999,-0.13152302647014144
690,-0.11780091260704272
700,-0.10167524340479815
710,-0.08707199834628489
719.9999999999999,-0.07631081929653061
730,-0.06900306892972505
740,-0.06294416346842763
750,-0.05494484785818416
759.9999999999999,-0.040904022478911894
770,-0.015660146213016073
780,0.025431288719001927
790,0.08321035036748817
799.9999999999999,0.15185678576116343
810,0.2188881152585703
820,0.26946834346650955
830,0.2927681264372419
839.9999999999999,0.2857491133106681
850,0.252527306345211
860,0.2011811480227282
870,0.14092704268753103
879.9999999999999,0.08052898399736527
890,0.02673379131020353
900,-0.01749778876230871
910,-0.053458301329117434
919.9999999999999,-0.08464403363707529
930,-0.11341546867458173
940,-0.13894965556118033
950,-0.1576916768320474
959.9999999999999,-0.16560401537660685
969.9999999999999,-0.16037230240820854
980,-0.14215235014004188
990,-0.11291073114081705
1000,-0.07548822171422327
1010,-0.03341458475308596
1019.9999999999999,0.00881638963424613
1029.9999999999998,0.046026940415391016
1040,0.07345718802900884
1050,0.08808065667764599
1060,0.08951635822508579
1070,0.08031218092255502
1080,0.0655262337902493
1090,0.051575392924533565
1099.9999999999998,0.04444530700764475
1109.9999999999998,0.047633734464341805
1120,0.06054193409717532
1130,0.07814938678316674
1140,0.09243521150557628
1150,0.09516436175398739
1160,0.08085129064462307
1170,0.04854215554958539
1179.9999999999998,0.001746045724310947
1189.9999999999998,-0.05308523918934458
1200,-0.10854952367084751
1210,-0.15799422311296885
1220,-0.19665418544386498
1230,-0.22214949567684147
1240,-0.23424978396256108
1250,-0.2339859183743816
1259.9999999999998,-0.22256717995871775
1269.9999999999998,-0.20075698691230398
1280,-0.16904369260663665
1290,-0.12831798892627222
1300,-0.0804180697165346
1310,-0.02813938014909716
1320,0.025162321556941914
1330,0.07596807761684884
1340,0.12077498512567156
1349.9999999999998,0.15620058859268224
1359.9999999999998,0.17928010694372165
1370,0.18803050234153254
1380,0.18208811904052366
1390,0.16311799612555689
1400,0.13476408481949956
1410,0.1020620193801066
1420,0.07039567026878757
1429.9999999999998,0.04422962116912295
1439.9999999999998,0.02598377732093835
1450,0.015469506287265542
1460,0.010175864882929112
1470,0.006359118440737057
1480,5.073342560346378E-4
1490,-0.009426680976605257
1500,-0.02348323105912393
1509.9999999999998,-0.03993909111826589
1519.9999999999998,-0.05608527410961757
1530,-0.06913370832463317
1540,-0.0769033598070478
1550,-0.07811321992902728
1560,-0.07230041565437777
1570,-0.05951835071390632
1580,-0.04002787035960281
1589.9999999999998,-0.014169851457974664
1599.9999999999998,0.017496924083568
1609.9999999999998,0.053864668200589744
1620,0.09295630398839923
1630,0.13183817297024086
1640,0.16686628229563297
1650,0.19418701285567977
1660,0.21030828102290225
1669.9999999999998,0.2125920302491777
1679.9999999999998,0.1996296738776048
1689.9999999999998,0.17152510809969118
1700,0.13007153423695217
1710,0.07873165439054501
1720,0.022315957953478
1730,-0.03366650875486713
1740,-0.0838876053391811
1749.9999999999998,-0.12411587726217695
1759.9999999999998,-0.15193669650936667
1769.9999999999998,-0.16706860325294182
1780,-0.17115835570226676
1790,-0.16709414998137762
1800,-0.15805598515429048
1810,-0.14663421239485164
1820,-0.13431523150518912
1829.9999999999998,-0.1214628201954841
1839.9999999999998,-0.10770769041668825
1849.9999999999998,-0.0925095635916643
1860,-0.07563317553252512
1870,-0.057364459174805336
1880,-0.03842731818715264
1890,-0.019688191233236077
1900,-0.0018152364365069003
1909.9999999999998,0.014933416758964736
1919.9999999999998,0.030686286322325472
1929.9999999999998,0.04570907977816974
1939.9999999999998,0.06004340585523544
1950,0.07319173892623992
1960,0.08397666424786591
1970,0.09062830891854334
1980,0.091079895152178
1990,0.0834046114177288
2000,0.06630766805914864
2010,0.03958151342466801
2020,0.004429650548883829
2030.0000000000002,-0.036432181637624524
2039.9999999999998,-0.07896755700036459
2049.9999999999995,-0.11832348911486293
2059.9999999999995,-0.14958849320644
2070,-0.1686590759161717
2080,-0.1730087998750249
2090,-0.16215396674418447
2100,-0.13768253388464674
2110,-0.10283855672406836
2120,-0.06178809956084354
2130,-0.01878342273186151
2140,0.02254362672731783
2150,0.05959355444197998
2160,0.09086717266328029
2170,0.11575938968021283
2180,0.13422502366963968
2190,0.14647199527601873
2199.9999999999995,0.15278512707248418
2209.9999999999995,0.1535012815432491
2219.9999999999995,0.14908315918748344
2230,0.1402039973675102
2240,0.1277662158357722
2250,0.11282020543733365
2260,0.09640060714185333
2270,0.07933435539918576
2280,0.06208613721053707
2290,0.04469405755383247
2300,0.0268210263598565
2310,0.007917345862163236
2320,-0.012534990422045096
2330,-0.03474361865264699
2340,-0.05835207331986372
2350,-0.08227634048433984
2359.9999999999995,-0.104692486505011
2369.9999999999995,-0.12321406601537783
2379.9999999999995,-0.1352555172911886
2389.9999999999995,-0.1385224696594294
2400,-0.13152040647208127
2410,-0.11395149740417727
2420,-0.08688940183177846
2430,-0.05268028064375343
2440,-0.014595109474256483
2450,0.023674366705292292
2460,0.05854962232406196
2470,0.0870114662044184
2480,0.1068843916219986
2490,0.11694455079153575
2500,0.11688759972190171
2510,0.10721736738332105
2519.9999999999995,0.08911022637127645
2529.9999999999995,0.06428267963852295
2539.9999999999995,0.03485896253174709
2549.9999999999995,0.0032181484903441144
2560,-0.02819628387852393
2570,-0.05710157842993593
2580,-0.08160840581710561
2590,-0.10041787991735493
2600,-0.11293876390230403
2610,-0.11929503104743017
2620,-0.12021761732800902
2630,-0.11683934109195741
2640,-0.11043181996208276
2650,-0.102134158389225
2660,-0.0927247690146755
2670,-0.08248115482602268
2680,-0.0711588544248173
2689.9999999999995,-0.05810030492879356
2699.9999999999995,-0.04245802449413032
2709.9999999999995,-0.023488150589189575
2719.9999999999995,-8.477048207802012E-4
2730,0.025178761592292626
2740,0.05358418762845997
2750,0.08270380257340393
2760,0.11042495375102515
2770,0.1344889253597236
2780,0.152811253970113
2790,0.1637507555261537
2800,0.16628227920441221
2810,0.16006314236212926
2820,0.1454142021172425
2830,0.12325228545631395
2840,0.09500728336259949
2849.9999999999995,0.06253929038541571
2859.9999999999995,0.02804943947999137
2869.9999999999995,-0.006035953056874314
2879.9999999999995,-0.03722763001532421
2890,-0.0631865714996811
2900,-0.0819698209593197
2910,-0.09226988066994853
2920,-0.09359825911441083
2930,-0.08636791533348603
2940,-0.07184690938957349
2950,-0.05198147344141914
2960,-0.029114141085113694
2970,-0.0056450563488320985
2980,0.016302592232198397
2990,0.03515140421074288
3000,0.05002310595017674
3009.9999999999995,0.0607493095730449
3019.9999999999995,0.06774231975790526
3029.9999999999995,0.07175946722362189
3039.9999999999995,0.07361907280916284
3049.9999999999995,0.07393744517131651
3060,0.07294996480399432
3070,0.07045598598900929
3080,0.06589330197888367
3090,0.05851350765129202
3100,0.04760536922851411
3110,0.032706295014182866
3120,0.013753032763212535
3130,-0.008853643525356192
3140,-0.03426858554748258
3150,-0.06128385419190327
3160,-0.08844126312423206
3169.9999999999995,-0.11414914351343365
3179.9999999999995,-0.13678924537803264
3189.9999999999995,-0.15481372712880892
3199.9999999999995,-0.16684106432607723
3209.9999999999995,-0.17175998815474033
3219.9999999999995,-0.16884288826076715
3230,-0.15785841024172217
3240,-0.1391624783744101
3250,-0.11374209962800734
3260,-0.08318926012186503
3270,-0.049592641063857294
3280,-0.015350311196242358
3290,0.017076625120495452
3300,0.04543511616660618
3310,0.06793325453608864
3320,0.08343247958478703
3330,0.09154492561907737
3339.9999999999995,0.09261885406102825
3349.9999999999995,0.08761680866034999
3359.9999999999995,0.07791277879293602
3369.9999999999995,0.0650507947891977
3379.9999999999995,0.0505135602359614
3390,0.03554409616671726
3400,0.02104755799083165
3410,0.007579146512181178
3420,-0.004596315889054109
3430,-0.015401378316046774
3440,-0.024831963909998058
3450,-0.032859841108876936
3460,-0.03936821425894212
3470,-0.044125145054818016
3480,-0.046790529148648376
3490,-0.04694832448882331
3499.9999999999995,-0.044156174433750923
3509.9999999999995,-0.03800719321678517
3519.9999999999995,-0.028200731834209743
3529.9999999999995,-0.014618568326370512
3539.9999999999995,0.002600014766109443
3549.9999999999995,0.02299498577824835
3560,0.04574803473016394
3570,0.06968477544779232
3580,0.09332681858516852
3590,0.11499633557041598
3600,0.13296608688267864
3610,0.14563826235831487
3620,0.15172806804823816
3630,0.15042454950815792
3640,0.14150266870799064
3650,0.12536721824775368
3659.9999999999995,0.10301981423212928
3669.9999999999995,0.07595305081276087
3679.9999999999995,0.04598832854288715
3689.9999999999995,0.015083132527419774
3699.9999999999995,-0.014862544570734975
3709.9999999999995,-0.042173260575973925
3720,-0.06551906391017889
3730,-0.08398162939497346
3740,-0.0970678298825642
3750,-0.10468105605449238
3760,-0.10706418566155412
3770,-0.10472731258602656
3780,-0.09836980230151979
3790,-0.08880228046476196
3800,-0.076871777675595
3810,-0.0633932601781824
3819.9999999999995,-0.04909254735685348
3829.9999999999995,-0.03456747943078963
3839.9999999999995,-0.020274277662166874
3849.9999999999995,-0.006543165319669707
3859.9999999999995,0.006378392807378096
3869.9999999999995,0.018263592195742712
3879.9999999999995,0.028840382663766543
3890,0.03774004264163955
3900,0.044477270146803013
3909.9999999999995,0.048472933304382924
3920,0.049121266506286794
3929.9999999999995,0.04589264537388668
3940,0.03845368702554541
3949.9999999999995,0.026780610712339937
3960,0.01124106541510664
3969.9999999999995,-0.007375653968343707
3980,-0.027890805068858694
3989.9999999999995,-0.048829739643555206
4000,-0.06856386548303903
4009.9999999999995,-0.08547895914300925
4020,-0.09814338491308147
4029.9999999999995,-0.10545105769469838
4040,-0.10672035843673985
4050,-0.10173979234529064
4060.0000000000005,-0.09076134241504642
4070,-0.07445064281235639
4079.9999999999995,-0.053807556292433514
4090,-0.030071100344172666
4099.999999999999,-0.004619879824467331
4110,0.021124933515526457
4119.999999999999,0.045790555581655755
4130,0.0681355871469508
4140,0.0871226641814958
4150,0.10197656828817278
4160,0.11222194036758176
4170,0.11769463946378966
4180,0.11852305043015014
4190,0.11508011434037717
4200,0.10791246552464816
4210,0.09765819332115547
4220,0.08496778523901269
4229.999999999999,0.07044264969560882
4240,0.05460201853423772
4249.999999999999,0.0378826859763834
4260,0.02066839722836069
4269.999999999999,0.003338580893688736
4280,-0.013678731525054116
4289.999999999999,-0.02986630857046744
4300,-0.04460340488014767
4310,-0.05718578078209329
4320,-0.06688020626861473
4330,-0.07300558491453071
4340,-0.07502660218080541
4350,-0.07264278243775285
4360,-0.06585660687169183
4370,-0.05500849301825616
4380,-0.040772733065131954
4390,-0.024115276006548333
4399.999999999999,-0.006219949467803581
4410,0.011606686814006253
4419.999999999999,0.028040460214467027
4430,0.04184404013646815
4439.999999999999,0.05196196087132513
4450,0.05759954265528749
4460,0.05828079189283961
4470,0.053881652030139754
4480,0.04463609571417348
4490,0.03111395801693043
4500,0.014171459943896876
4510,-0.0051219157762622276
4520,-0.025573528059828654
4530,-0.045965352903702905
4540,-0.06514858928938212
4550,-0.0821243841607868
4560,-0.09610195090259797
4569.999999999999,-0.10652893765686439
4580,-0.11309341903198884
4589.999999999999,-0.11570143239736569
4600,-0.11443762658628591
4609.999999999999,-0.10951860041783917
4620,-0.10124851402400525
4630,-0.08998464510476187
4640,-0.07611725260356475
4650,-0.060064218283061736
4660,-0.04227736836276333
4670,-0.023254896246007892
4680,-0.0035533447195133837
4690,0.016206827619960833
4700,0.03534634477843185
4710,0.05314483338368235
4719.999999999999,0.06887086785355889
4730,0.08182225516499428
4739.999999999999,0.09137329330785472
4750,0.09702505376365227
4759.999999999999,0.09845431174512394
4770,0.09555638392966372
4779.999999999999,0.08847681864857472
4790,0.07762682338194243
4800,0.06367785365161548
4810,0.047532245451085135
4820,0.030269263945539946
4830,0.013069252595010922
4840,-0.002877844224234413
4850,-0.01647020337179733
4860,-0.02678684819152291
4870,-0.03316407890997577
4880,-0.035246227256481376
4889.999999999999,-0.033004961807309816
4900,-0.026725989773878866
4909.999999999999,-0.016966719348051457
4920,-0.004492338248551416
4929.999999999999,0.009799891135079728
4940,0.024957872624407653
4949.999999999999,0.04004457185181998
4960,0.05419438710039904
4970,0.06665312314078405
4980,0.07680182289924863
4990,0.0841670205285579
5000,0.0884211305595443
5010,0.08937669911420362
5020,0.08697743921875906
5030,0.08128784410385353
5039.999999999999,0.07248219514747264
5050,0.060833252433004595
5059.999999999999,0.0467008703344642
5070,0.030521008757014665
5079.999999999999,0.012795772953845484
5090,-0.005915095867699875
5099.999999999999,-0.02500156643384709
5110,-0.043810863647003484
5120,-0.06165766032749203
5130,-0.07783997437902238
5140,-0.09166357280414807
5150,-0.10247637256788038
5160,-0.1097121052565207
5170,-0.11293983138316444
5180,-0.11191340668189413
5190,-0.10661339680520203
5200,-0.09727372194685308
5209.999999999999,-0.08438668809673024
5220,-0.06868284849559063
5229.999999999999,-0.051085818810872
5240,-0.03264600922763224
5249.999999999999,-0.014460465653252173
5260,0.002411994141318248
5269.999999999999,0.017030743623368066
5280,0.02863994507723959
5290,0.03671568053123273
5300,0.04099054110548893
5310,0.04145565875641192
5320,0.038342712829228416
5330,0.032090142858156735
5340,0.023298563090878004
5350,0.012680343019670245
5360,0.0010077682597875
5370,-0.010936574420406728
5379.999999999999,-0.022404315881283544
5390,-0.03271854071585823
5399.999999999999,-0.04130219010648343
5410,-0.047696768573164246
5419.999999999999,-0.05157131529060564
5430,-0.05272255679336324
5439.999999999999,-0.051068127711715795
5450,-0.046635519624153236
5460,-0.03954976265122605
5470,-0.030022592036549323
5480,-0.018344972248316996
5490,-0.004883483758983699
5500,0.009920488401527356
5510,0.025551219870985655
5520,0.04142208887158373
5529.999999999999,0.056885410165842844
5540,0.0712513206015889
5549.999999999999,0.08381689344243684
5560,0.09390473759688628
5569.999999999999,0.1009083631576785
5580,0.10433995937382542
5589.999999999999,0.1038752496048112
5600,0.09938993310603315
5609.999999999999,0.09098290257595729
5620,0.0789827953882847
5630,0.06393624809861051
5640,0.046578191404035955
5650,0.0277863806690451
5660,0.008523903298594286
5670,-0.01022548495248394
5680,-0.02752372159769868
5690,-0.04254090192707175
5699.999999999999,-0.05460861645875533
5710,-0.06325976132369894
5719.999999999999,-0.06825167759861002
5730,-0.0695710830105469
5739.999999999999,-0.06742108646073948
5750,-0.06219242598395562
5759.999999999999,-0.05442269858531856
5770,-0.0447485023826577
5780,-0.03385588325178404
5790,-0.022434171054066872
5800,-0.011137248637732864
5810,-5.547105758227904E-4
5820,0.008806459609023836
5830,0.016530785550351673
5840,0.022296153609089982
5850,0.02587166521684547
5860,0.027114460886398257
5869.999999999999,0.02596779849809217
5880,0.02246155477391152
5889.999999999999,0.016715060062348117
5900,0.008941049103770431
5909.999999999999,-5.512697366750146E-4
5920,-0.011356340375752932
5929.999999999999,-0.02297773728967198
5940,-0.034840605887842255
5950,-0.046311869645612055
5960,-0.05672808909929242
5970,-0.06542994240556334
5980,-0.07180146425698572
5990,-0.07531147249530874
6000,-0.07555405714036094
6010,-0.07228464061575851
6019.999999999999,-0.06544800022762545
6030,-0.055194855065300114
6039.999999999999,-0.04188423821018505
6050,-0.02606994173306395
6059.999999999999,-0.008470800518616326
6070,0.010073663546754623
6079.999999999999,0.02865891369217672
6090,0.04637750689298784
6099.999999999999,0.062381741462348504
6110,0.07594069245135675
6120,0.08648609166112155
6130,0.09364291456260608
6140,0.09724251871595935
6150,0.09731840253641673
6160,0.09408674110656466
6170,0.08791546563746014
6180,0.07928655065099584
6189.999999999999,0.06875627351683171
6200,0.05691758704650889
6209.999999999999,0.04436759790986486
6220,0.031681745722473356
6229.999999999999,0.01939491218679888
6240,0.007988588767950198
6249.999999999999,-0.002117462397621139
6260,-0.010570865894445128
6269.999999999999,-0.017091267869240367
6280,-0.021475163913635388
6290,-0.02360152996850423
6300,-0.023438217474214783
6310,-0.021048472632173423
6320,-0.016596445100904293
6330,-0.010350201727794701
6339.999999999999,-0.0026805865196491154
6350,0.0059456980184894705
6359.999999999999,0.01498013590706681
6370,0.023814371767050646
6379.999999999999,0.031810109077722463
6390,0.03833591219523739
6399.999999999999,0.042808781372819744
6410,0.044737329633662885
6419.999999999999,0.043762611247223776
6430,0.03969231293478256
6439.999999999999,0.03252424531783082
6450,0.02245589810636442
6460,0.009878175523876606
6470,-0.00464686532910371
6480,-0.02042263688084826
6490,-0.03666571940916725
6500,-0.05256011434992435
6509.999999999999,-0.0673128851939119
6520,-0.08020603855229858
6529.999999999999,-0.09064015248732318
6540,-0.09816642029399329
6549.999999999999,-0.10250525112408808
6560,-0.10355113147445971
6569.999999999999,-0.10136489108982373
6580,-0.09615566182398605
6589.999999999999,-0.08825555721551487
6600,-0.07809038913288932
6610,-0.06614959274425741
6620,-0.05295801944054838
6630,-0.03905148194640522
6640,-0.024957020721452287
6650,-0.011177937799695144
6660,0.0018171588298120291
6670,0.013602629215769733
6679.999999999999,0.023802981913621738
6690,0.032100455716152755
6699.999999999999,0.03824406396111697
6710,0.04206045781434684
6719.999999999999,0.04346610848045186
6730,0.04247945610202972
6739.999999999999,0.03923099173190526
6750,0.0339688754322522
6759.999999999999,0.02705774673169442
6770,0.01896888145584257
6780,0.01026074042218553
6790,0.001550117745314223
6800,-0.006524644082799732
6810,-0.013345741822675665
6820,-0.01835978289875801
6829.999999999999,-0.021119442837122082
6840,-0.02131891225987332
6849.999999999999,-0.018819617612876944
6860,-0.013663593406122625
6869.999999999999,-0.006073073505357372
6880,0.003563791494141301
6889.999999999999,0.01471984932662175
6900,0.026766067153847065
6909.999999999999,0.039015517542091774
6920,0.050770331235056886
6929.999999999999,0.061367569310408
6940,0.07022023461502731
6950,0.07685029353138419
6960,0.08091154027231051
6970,0.08220129590809062
6980,0.08066115355061408
6990,0.07636810584272931
6999.999999999999,0.0695182735489864
7010,0.0604059761940062
7019.999999999999,0.04940098026904337
7030,0.03692642734974587
7039.999999999999,0.023439255092791707
7050,0.009414012632014255
7059.999999999999,-0.00466998724644776
7070,-0.018339061066670242
7079.999999999999,-0.031134508535879422
7090,-0.04262248860239087
7099.999999999999,-0.052405715105454574
7110,-0.06013765561747552
7120,-0.06553908021922891
7130,-0.06841591508435546
7140,-0.06867658453606024
7150,-0.06634652459228882
7160,-0.06157741886011121
7169.999999999999,-0.05464897560356617
7180,-0.04596169740873092
7189.999999999999,-0.03602000089224948
7200,-0.02540609585124243
7209.999999999999,-0.014746090100638353
7220,-0.004670714460969094
7229.999999999999,0.004226247879771338
7240,0.011428368420590645
7249.999999999999,0.016532336311050683
7260,0.01927593095402585
7270,0.01955571532663745
7280,0.017432878548087637
7290,0.013126744686972381
7300,0.006996614781197166
7310,-4.8630103664395476E-4
7319.999999999999,-0.008774196820814009
7330,-0.017281947974783954
7339.999999999999,-0.025426822563659936
7350,-0.03266525136237814
7359.999999999999,-0.03852381772486235
7370,-0.042622471365090016
7379.999999999999,-0.044688997246851804
7390,-0.044564830927758876
7399.999999999999,-0.04220324977799498
7410,-0.03766165300162691
7419.999999999999,-0.031089985519766286
7430,-0.02271733533570407
7440,-0.01283837868711488
7450,-0.0018007550828431273
7460,0.010006245392625478
7470,0.022161966305559205
7480,0.03422443020771905
7489.999999999999,0.04574118894635353
7500,0.05626198424118819
7509.999999999999,0.06535390481437772
7520,0.0726191878987505
7529.999999999999,0.07771515163674415
7540,0.08037507560939235
7549.999999999999,0.0804282841338643
7560,0.07781732861548489
7569.999999999999,0.07261007876413975
7580,0.06500474748570555
7589.999999999999,0.05532637957484774
7600,0.04401407993497737
7610,0.031599160336957866
7620,0.018675339120736177
7630,0.00586301957068151
7639.999999999999,-0.006229612844740455
7650,-0.017045491609487824
7659.999999999999,-0.02611427935847045
7670,-0.03308165051691999
7679.999999999999,-0.037729799037286356
7690,-0.03998758248798859
7699.999999999999,-0.03992973784774884
7710,-0.03776566759129346
7719.999999999999,-0.03381926609349858
7730,-0.028502019616734403
7739.999999999999,-0.02228208318366342
7750,-0.01565217266021337
7759.999999999999,-0.009098916443553633
7770,-0.0030758391587118283
7780,0.002018514486332459
7790,0.005856558109920867
7800,0.008191714423268442
7809.999999999999,0.008863116761046678
7819.999999999999,0.007795957949696766
7830,0.0049986740069143075
7840,5.58113102864976E-4
7849.999999999999,-0.005366391770884875
7859.999999999999,-0.012549494790606833
7870,-0.020706726655299316
7880,-0.02950207279995226
7889.999999999999,-0.03855680810337426
7899.999999999999,-0.0474602889879184
7910,-0.055783339669467906
7920,-0.06309460473763297
7930,-0.06897980551256827
7939.999999999999,-0.07306329356540611
7950.000000000001,-0.07503072528053881
7960,-0.07465118169876399
7970,-0.07179672033223372
7979.999999999999,-0.06645724423650523
7989.999999999999,-0.058748750713352886
8000,-0.04891347938587478
8010,-0.037311175336580106
8019.999999999999,-0.024401537090168453
8029.999999999999,-0.010718823410798741
8040,0.0031595718598791877
8050,0.016648113056344598
8059.999999999999,0.029188832838871765
8069.999999999999,0.040284836858833245
8080,0.04952892969670615
8090,0.05662521889188528
8100,0.06140228954474641
8109.999999999999,0.06381738505783871
8120.000000000001,0.06395187438939232
8130,0.06199903481009476
8140,0.058245753880199425
8149.999999999999,0.053050106088002924
8159.999999999999,0.04681687111579089
8170,0.03997294561664695
8180,0.03294429819283237
8189.999999999999,0.02613568610635473
8199.999999999998,0.01991386037128878
8210,0.014594502924934302
8220,0.010432728342223004
8230,0.00761669185518657
8239.999999999998,0.00626370450232946
8250,0.006418271091267534
8260,0.008051619309283832
8270,0.011062538578404476
8280,0.015279638332764356
8289.999999999998,0.020465401850781075
8300,0.026322590175386504
8310,0.03250359019913509
8320,0.03862317354037198
8329.999999999998,0.044274839127673084
8340,0.04905048421341301
8350,0.052562644831316944
8360,0.054468045219630175
8369.999999999998,0.054490780272193076
8380,0.05244320164227301
8390,0.04824254160755642
8400,0.04192151338690912
8409.999999999998,0.03363156098054421
8420,0.023638050482600193
8430,0.01230742555397678
8440,8.71036748766724E-5
8450,-0.01252042478105352
8459.999999999998,-0.02498729709472644
8470,-0.036791455580725864
8480,-0.047446896015745484
8490,-0.056530741498026185
8499.999999999998,-0.06370527087615757
8510,-0.06873356763674159
8520,-0.07148808532997891
8530,-0.07195207407266904
8539.999999999998,-0.07021440723804842
8550,-0.06645882734415527
8560,-0.060948952783887844
8570,-0.0540105319795122
8579.999999999998,-0.04601240206024267
8590,-0.037347430461588275
8600,-0.02841443291886511
8610,-0.01960172422410227
8620,-0.01127262601868458
8629.999999999998,-0.0037529805563007545
8640,0.0026794605186336324
8650,0.007803967912261109
8660,0.01146423353311775
8669.999999999998,0.013574243323813602
8680,0.01412244010821474
8690,0.013173800156137224
8700,0.010869304288149974
8709.999999999998,0.007422234330376626
8720,0.0031107967649772732
8730,-0.0017332246333034507
8740,-0.006739770860732235
8750,-0.011519353735624035
8760,-0.015684611101409285
8770,-0.018873340729598776
8780,-0.020771473204026798
8790,-0.021134270204116748
8799.999999999998,-0.019804029346324165
8810,-0.016722752614175208
8820,-0.011938582228149702
8830,-0.005605293716544092
8839.999999999998,0.0020252888300980538
8850,0.010617487342168573
8860,0.019771541177059922
8870,0.029047456898297578
8879.999999999998,0.037991122045342156
8890,0.04616073379957507
8900,0.0531516496835779
8910,0.058618001072181486
8920,0.06228978683727701
8930,0.06398463320152785
8940,0.06361390741248166
8950,0.061183347268236515
8960,0.056788763971289145
8969.999999999998,0.050607655265006116
8980,0.04288771175767824
8990,0.03393321482513848
9000,0.02409023126270337
9009.999999999998,0.013731343392460623
9020,0.0032404561008848925
9030,-0.007001963863647578
9040,-0.016633001607838722
9049.999999999998,-0.025320619419602435
9060,-0.03277605194449703
9070,-0.038765064502127966
9080,-0.04311776029749583
9090,-0.04573650280441256
9100,-0.04660142197473707
9110,-0.04577292854378215
9120,-0.0433906935204788
9130,-0.03966867279826075
9139.999999999998,-0.03488596924145179
9150,-0.02937361252648968
9160,-0.023497674123109404
9170,-0.01763948546397929
9179.999999999998,-0.012174050749709587
9190,-0.007448000954606838
9200,-0.003758586426468914
9210,-0.0013352259725335595
9219.999999999998,-3.2500840459385446E-4
9230,-7.832824585981098E-4
9240,-0.0026700938808135104
9250,-0.005852770247696591
9260,-0.01011446157420851
9269.999999999998,-0.015167969843640999
9280,-0.020673793435275704
9290,-0.02626101486599142
9300,-0.031549500162028184
9309.999999999998,-0.03617186593327292
9320,-0.039793797807907295
9330,-0.042131546675122165
9340,-0.04296575023353123
9349.999999999998,-0.04215108324880559
9360,-0.03962158742846099
9370,-0.03539183387302945
9380,-0.02955430151814728
9389.999999999998,-0.022273501262718282
9400,-0.013777438822144335
9410,-0.004347003046548853
9420,0.005696187770452536
9430,0.01600302540577026
9439.999999999998,0.026210854210995636
9450,0.035957783756234867
9460,0.044897052781200666
9470,0.05271110046207941
9479.999999999998,0.059124942936531304
9490,0.06391837649367059
9500,0.06693645396542079
9510,0.06809763022815085
9519.999999999998,0.06739896775507781
9530,0.06491785058632608
9540,0.06080978399615346
9550,0.055302056946607454
9559.999999999998,0.04868330407920745
9570,0.04128930263779369
9580,0.033485648736493956
9590,0.025648243708832758
9600,0.01814275155111986
9609.999999999998,0.011304333437977498
9620,0.005419003920932082
9630,7.078760078079036E-4
9640,-0.0026846278334559173
9649.999999999998,-0.004697808364006066
9660,-0.005356531436464997
9670,-0.004767834509431436
9680,-0.0031126390293622027
9689.999999999998,-6.332543384054873E-4
9700,0.0023823692612676924
9710,0.005618502957438439
9720,0.008750408929399427
9729.999999999998,0.01146283805880286
9740,0.013467196561677235
9750,0.01451651027042456
9760,0.014417545065481895
9770,0.013039685285875312
9779.999999999998,0.010320402956309534
9790,0.006267348826358971
9800,9.57248645324898E-4
9810,-0.0054681096161960895
9819.999999999998,-0.012808455886315835
9830,-0.02081382353829138
9840,-0.02919517929349568
9850,-0.03763654233744421
9859.999999999998,-0.04580823439280094
9870,-0.053380880709697806
9880,-0.06003973827501002
9890,-0.06549886582720875
9899.999999999998,-0.06951458099153639
9910,-0.07189758832275296
9920,-0.07252312592997628
9930,-0.07133848447283224
9940,-0.06836731362087374
9949.999999999998,-0.06371025406206221
9960,-0.05754161624070397
9970,-0.05010206012263058
9980,-0.0416874956163494
9989.999999999998,-0.03263469733520782
10000,-0.023304383698026263
10010,-0.01406272279616635
10020,-0.005262373299869316
10029.999999999998,0.0027757685082148995
10040,0.009778973004948188
10050,0.015536209218405298
10060,0.019907980516107822
10070,0.02283190229345395
10079.999999999998,0.02432376133046424
10090,0.024474109815715576
10100,0.02344074485753849
10110,0.02143768162157122
10119.999999999998,0.018721425150181225
10130,0.015575469539426363
10140,0.012293998770482348
10150,0.009165734608165698
10159.999999999998,0.006458784511903582
10170,0.0044072028547996675
10180,0.0031998114494991626
10190,0.002971650226396383
10199.999999999998,0.003798263295308671
10210,0.005692882385268413
10220,0.008606455635726653
10230,0.012430385591164116
10240,0.017001781110271938
10249.999999999998,0.022110985102349906
10260,0.02751110321951107
10270,0.032929218470735766
10280,0.03807892673027444
10289.999999999998,0.04267376642142348
10300,0.04644104552691044
10310,0.049135498601723726
10320,0.05055214725558253
10329.999999999998,0.050537702891940754
10340,0.04899985294255914
10350,0.045913821195217946
10360,0.04132569415857618
10369.999999999998,0.035352157940214735
10380,0.028176486779937303
10390,0.02004085226606783
10400,0.011235263850612314
10410,0.0020836861774019932
10419.999999999998,-0.007071914110317598
10430,-0.015888679483135295
10440,-0.02404012096477599
10450,-0.03123249245741254
10459.999999999998,-0.03721929930382688
10470,-0.041813086148488596
10480,-0.04489383717186552
10490,-0.04641355562885748
10499.999999999998,-0.04639684877909338
10510,-0.04493760633581554
10520,-0.04219210361584609
10530,-0.038369065688433276
10539.999999999998,-0.033717381876101536
10550,-0.028512252993586513
10560,-0.02304058537872438
10570,-0.017586420973308065
10580,-0.012417121409701363
10589.999999999998,-0.007770919495294449
10600,-0.003846328113485278
10610,-7.937679631177858E-4
10620,0.0012903472702923131
10629.999999999998,0.002366939570631567
10640,0.0024549742145175027
10650,0.0016295903781853593
10660,1.7766568972252738E-5
10669.999999999998,-0.002208304897084707
10680,-0.004839897601182445
10690,-0.007642181269328096
10700,-0.01036602627821679
10709.999999999998,-0.012760729644937133
10720,-0.014587134770325525
10730,-0.01563055206315313
10740,-0.015712842324204057
10750,-0.014703009777200486
10759.999999999998,-0.012525675892440413
10770,-0.009166874641877352
10780,-0.004676726255539532
10790,8.31293487266242E-4
10799.999999999998,0.007184576542878308
10810,0.014158970175508092
10820,0.021489379436883824
10830,0.028882828027466834
10839.999999999998,0.03603324622765959
10850,0.04263712825959029
10860,0.048409135526262394
10870,0.05309672307983276
10879.999999999998,0.05649293451578706
10890,0.058446639113134864
10900,0.058869662703523944
10910,0.05774047453435129
10920,0.055104317939302296
10929.999999999998,0.051069894236778345
10940,0.04580290976226749
10950,0.03951696142578712
10960,0.03246235719156543
10969.999999999998,0.024913540038179836
10980,0.017155807887491187
10990,0.009472002737832755
11000,0.0021297881130124866
11009.999999999998,-0.004629944867396922
11020,-0.010603095460892381
11030,-0.015630445682210364
11040,-0.019603572678033563
11049.999999999998,-0.022468415114583667
11059.999999999998,-0.024226407998512178
11070,-0.024933174152399637
11080,-0.024694831053314124
11090,-0.023662042871677794
11099.999999999998,-0.02202202268953314
11110,-0.019988770615884232
11120,-0.01779191880454446
11130,-0.015664640124149733
11139.999999999998,-0.013831156504854477
11150,-0.01249444674283434
11160,-0.0118247918863235
11170,-0.011949799957238222
11179.999999999998,-0.012946513637729506
11190,-0.014836121166128344
11200,-0.01758166313651035
11210,-0.02108896215309668
11219.999999999998,-0.02521080900885484
11229.999999999998,-0.02975423257589186
11240,-0.03449047755899368
11250,-0.03916713179228807
11260,-0.04352169863290391
11269.999999999998,-0.047295812890436356
11280,-0.050249258851821285
11290,-0.052172969243417425
11300,-0.052900261797805756
11309.999999999998,-0.052315697734286945
11320,-0.05036111195103319
11330,-0.047038553329147095
11340,-0.042410069268230675
11349.999999999998,-0.03659445595724252
11360,-0.02976126145455857
11370,-0.022122462208485766
11380,-0.013922329003446346
11389.999999999998,-0.005426053550546
11399.999999999998,0.0030922758725980713
11410,0.01136177689424862
11420,0.019126421713389765
11430,0.026155758086791405
11439.999999999998,0.03225429622270486
11450,0.037269225838194024
11460,0.041096197646546186
11470,0.04368297151683815
11479.999999999998,0.045030800434173374
11490,0.04519348771977042
11500,0.04427412791241011
11510,0.04241962188805769
11519.999999999998,0.03981314527637111
11530,0.03666484467550721
11540,0.03320113451944568
11550,0.0296530619779639
11560,0.026244289288027224
11569.999999999998,0.023179302739059493
11580,0.02063248590544821
11590,0.018738684114578116
11600,0.017585833116561315
11609.999999999998,0.017210127010226683
11620,0.017594062672184475
11630,0.018667528586921806
11640,0.02031191714778377
11649.999999999998,0.022367045828907015
11660,0.024640489827396077
11670,0.026918771987686455
11680,0.028979737993849303
11689.999999999998,0.030605375362909224
11700,0.03159431856316877
11710,0.031773319575210304
11720,0.031007048512117226
11730,0.02920571353161641
11739.999999999998,0.026330141168565687
11750,0.022394123804238154
11760,0.01746400659287293
11770,0.011655639526561954
11779.999999999998,0.005128951703706661
11790,-0.0019194920978225364
11800,-0.00926552055759233
11810,-0.016667497307052866
11819.999999999998,-0.023877087231286696
11830,-0.030650167807574256
11840,-0.03675742961026312
11850,-0.0419942446111275
11859.999999999998,-0.04618942175893889
11869.999999999998,-0.04921251407085751
11880,-0.05097938963664374
11890,-0.0514558317420691
11900,-0.050658993124130546
11909.999999999998,-0.04865659876355421
11920,-0.04556387256345376
11930,-0.04153825610415777
11940,-0.03677209061929527
11949.999999999998,-0.03148354203061243
11960,-0.025906156623776044
11970,-0.020277533097362375
11980,-0.014827675773020172
11989.999999999998,-0.00976764432146104
12000,-0.0052791296084615
12010,-0.0015055579295723054
12020,0.0014547446267361322
12029.999999999998,0.0035529072455073862
12039.999999999998,0.004791113874424877
12050,0.005221341462593987
12060,0.004941311516158738
12070,0.004087906331895271
12079.999999999998,0.002828460346529729
12090,0.0013504657712873642
12100,-1.4967964652572296E-4
12110,-0.0014782120801404206
12119.999999999998,-0.0024551621385117857
12130,-0.002924519182515065
12140,-0.002762868827208897
12150,-0.001886087897017596
12159.999999999998,-2.538131263568214E-4
12170,0.0021284622939831783
12180,0.005209677048252499
12190,0.008895767500771739
12199.999999999998,0.013054302334750212
12209.999999999998,0.01752089799003784
12220,0.022107069642047974
12230,0.026609135553853757
12240,0.030817772850182914
12249.999999999998,0.034527816392726736
12260,0.037547896145456734
12270,0.03970951987191142
12280,0.04087522630401993
12289.999999999998,0.040945459651036374
12300,0.039863851295918414
12310,0.03762064126271386
12320,0.034254032962095705
12329.999999999998,0.029849351414536998
12340,0.024535967536678027
12350,0.01848205696085491
12360,0.011887376600600411
12369.999999999998,0.004974358918405069
12379.999999999998,-0.002022066050289667
12390,-0.008865416924529062
12400,-0.015328803052318717
12410,-0.021205655160232283
12419.999999999998,-0.02631944158757954
12430,-0.030531812878518205
12440,-0.033748703303974135
12450,-0.03592403846694757
12459.999999999998,-0.03706084481940337
12470,-0.03720971844400981
12480,-0.03646477411309646
12490,-0.03495734863179199
12499.999999999998,-0.03284786316842975
12510,-0.030316348427491854
12520,-0.027552198066474243
12530,-0.024743737309843607
12539.999999999998,-0.02206817653256313
12549.999999999998,-0.019682468185015126
12560,-0.01771550680297085
12570,-0.016262014472079034
12580,-0.015378346903817834
12589.999999999998,-0.015080346530063104
12600,-0.015343265649176683
12610,-0.016103689603541544
12620,-0.0172633100833202
12629.999999999998,-0.018694332761478402
12640,-0.02024625086080146
12650,-0.021753675274643194
12660,-0.0230448806064063
12669.999999999998,-0.02395070348223749
12679.999999999998,-0.024313414153158002
12690,-0.02399517533619838
12700,-0.02288570520887788
12709.999999999998,-0.020908777031595223
12719.999999999998,-0.018027218930848257
12730,-0.014246126396770996
12740,-0.00961406842555187
12750,-0.004222155598750776
12759.999999999998,0.001799057781267015
12770,0.008284749904731863
12780,0.01504287822074094
12790,0.021862772524316666
12799.999999999998,0.028524846731089824
12810,0.034810920418825914
12820,0.040514589868385346
12830,0.04545107261629484
12839.999999999998,0.049465972170948766
12849.999999999998,0.05244246998302564
12860,0.054306546025723317
12870,0.05502995043587364
12879.999999999998,0.054630787239258335
12889.999999999998,0.05317171646803453
12900,0.05075592191921164
12910,0.04752111811935711
12920,0.043631973263036965
12929.999999999998,0.039271398984885325
12940,0.034631199729397065
12950,0.02990258411264329
12960,0.02526702057853117
12969.999999999998,0.020887874557863027
12980,0.016903200225783486
12990,0.013419983373146887
13000,0.010510049059344634
13009.999999999998,0.008207763888877805
13019.999999999998,0.006509581895968375
13030,0.005375407566546017
13040,0.004731680603079546
13050,0.004476024713311808
13059.999999999998,0.004483246600768884
13070,0.004612421032619527
13080,0.004714753510391891
13090,0.004641874577836609
13099.999999999998,0.004254191096935792
13110,0.0034289025843949822
13120,0.0020672881499685593
13130,1.0088484674200146E-4
13139.999999999998,-0.002503786167289738
13150,-0.005742232094100217
13160,-0.00957094783939205
13170,-0.01390843382725315
13179.999999999998,-0.018638273498412287
13189.999999999998,-0.02361415415483539
13200,-0.028666598132304787
13210,-0.033611064094997666
13220,-0.03825698908378328
13229.999999999998,-0.042417278219946584
13240,-0.04591771627769894
13250,-0.048605776756831705
13260,-0.05035833989437471
13269.999999999998,-0.051087898558920576
13280,-0.050746924917092345
13290,-0.04933018371622509
13300,-0.04687490129404295
13309.999999999998,-0.04345882379740233
13320,-0.039196314835743165
13330,-0.03423274440841974
13340,-0.028737501762227537
13349.999999999998,-0.022896021428005304
13359.999999999998,-0.016901242877190525
13370,-0.01094493097841856
13380,-0.005209269333610328
13390,1.4089463166053746E-4
13399.999999999998,0.004964821003147626
13410,0.009151390061138949
13420,0.01262314400326854
13430,0.015338711366485765
13439.999999999998,0.017293535003870434
13450,0.018518891710250954
13460,0.019079258165806485
13470,0.019068143207619348
13479.999999999998,0.018602569732632534
13490,0.017816449413037786
13500,0.016853147768650104
13510,0.015857583154718722
13519.999999999998,0.014968237496142574
13529.999999999998,0.014309475530318258
13540,0.013984569577763643
13550,0.01406980590059881
13560,0.014610005281734626
13569.999999999998,0.015615725011285733
13580,0.017062324349700304
13590,0.018890975048422413
13600,0.021011588614582185
13609.999999999998,0.023307519965255062
13620,0.025641800777622112
13630,0.027864563004829535
13640,0.02982124061076919
13649.999999999998,0.03136109101798416
13659.999999999998,0.032345560419323044
13670,0.032656029996525386
13680,0.03220052178837462
13689.999999999998,0.030919009801304485
13699.999999999998,0.028787068458271187
13710,0.025817689910304482
13720,0.022061206785145976
13730,0.01760336047415221
13739.999999999998,0.012561650646573885
13750,0.007080184203877947
13760,0.0013233077167790978
13770,-0.004531645403026678
13779.999999999998,-0.010302133610147405
13790,-0.01580834247668759
13800,-0.020880913662874416
13810,-0.02536812546621278
13819.999999999998,-0.029142215321482926
13829.999999999998,-0.03210457675685794
13840,-0.0341896132504886
13850,-0.03536708771847879
13859.999999999998,-0.03564286786535395
13869.999999999998,-0.035058033266794714
13880,-0.033686378645925316
13890,-0.03163041772265108
13900,-0.029016061100373525
13909.999999999998,-0.025986207064614616
13920,-0.02269354250205914
13930,-0.019292898610246564
13940,-0.015933538833865345
13949.999999999998,-0.012751771070818372
13960,-0.009864270007503985
13970,-0.007362467086432678
13980,-0.005308315229248163
13989.999999999998,-0.0037316649692157484
13999.999999999998,-0.0026294016804683886
14010,-0.0019663953203745985
14020,-0.0016782107792330204
14029.999999999998,-0.0016754255167153523
14039.999999999998,-0.0018493085592322285
14050,-0.0020785375092251816
14060,-0.0022365731287046276
14070,-0.0021992779072666203
14079.999999999998,-0.0018523574759153427
14090,-0.0010982215365470407
14100,1.3809801473803254E-4
14110,0.0019042735551875274
14119.999999999998,0.0042174793807959465
14130,0.007062802735292111
14140,0.01039332249957947
14150,0.014131823619856959
14159.999999999998,0.018174035448402466
14169.999999999998,0.022393212146365252
14180,0.026645815653964764
14190,0.030778017913799353
14199.999999999998,0.03463270955836279
14209.999999999998,0.038056686962490635
14220,0.04090768777079496
14230,0.04306095585819078
14240,0.044415039234017614
14249.999999999998,0.04489655773558498
14260,0.04446372061110247
14270,0.043108426309255744
14280,0.04085683687562951
14289.999999999998,0.03776838578377602
14300,0.03393324884461714
14310,0.029468380410718212
14320,0.02451228826391645
14329.999999999998,0.019218786626624525
14339.999999999998,0.013750023728013499
14350,0.00826912432318661
14360,0.0029328149854476334
14370,-0.0021155919230513662
14379.999999999998,-0.0067524925622582666
14390,-0.010879235262186504
14400,-0.014426038578780366
14410,-0.017354379977193905
14419.999999999998,-0.019657735445351328
14430,-0.02136064212651873
14440,-0.022516149644415576
14450,-0.023201815118880226
14459.999999999998,-0.023514476210849587
14469.999999999998,-0.023564100964003527
14480,-0.023467058989752904
14490,-0.023339183366435583
14499.999999999998,-0.02328899574292142
14509.999999999998,-0.02341144932451542
14520,-0.02378250778029419
14530,-0.02445482584487479
14540,-0.02545473337911099
14549.999999999998,-0.026780653182247184
14560,-0.028403008134665595
14570,-0.030265599274103015
14580,-0.03228836656461801
14589.999999999998,-0.0343713812275004
14600,-0.03639986464380075
14610,-0.0382499855345921
14620,-0.039795155301864255
14629.999999999998,-0.0409125216579805
14639.999999999998,-0.041489353228726274
14650,-0.04142901275520114
14660,-0.040656233720274486
14669.999999999998,-0.03912144436184194
14679.999999999998,-0.036803923522231184
14690,-0.03371362363881747
14700,-0.029891555953296966
14710,-0.025408699669315922
14719.999999999998,-0.020363467675335912
14730,-0.014877833358152903
14740,-0.00909229228518195
14750,-0.0031598952103055423
14759.999999999998,0.002760358947079336
14770,0.008510443361107223
14780,0.013940188832320687
14790,0.01891378438442768
14799.999999999998,0.02331556016647449
14809.999999999998,0.027054756510787595
14820,0.0300690368726298
14830,0.03232657039658077
14839.999999999998,0.03382658788273362
14849.999999999998,0.034598398103541136
14860,0.03469893460243787
14870,0.034208981164134504
14880,0.03322829249115262
14889.999999999998,0.0318698813772665
14900,0.030253782093936483
14910,0.028500620156995116
14920,0.0267253207851384
14929.999999999998,0.025031272938782188
14940,0.0235052346227255
14950,0.022213220664456235
14960,0.02119755947424734
14969.999999999998,0.020475243644551725
14979.999999999998,0.020037633944641135
14990,0.019851510452541278
15000,0.019861401075535332
15009.999999999998,0.019993059007209425
15019.999999999998,0.020157908855142435
15030,0.0202582379519419
15040,0.0201928761478937
15050,0.019863085256222917
15059.999999999998,0.019178369123555923
15070,0.018061917554966965
15080,0.016455412259413146
15090,0.014322950411606307
15099.999999999998,0.011653880705827652
15110,0.008464396700325236
15120,0.004797791018534813
15130,7.233391631620673E-4
15139.999999999998,-0.0036661496695956056
15149.999999999998,-0.008258008762247901
15160,-0.012924446115251438
15170,-0.017528104420088654
15179.999999999998,-0.02192817405709011
15189.999999999998,-0.025986752118699934
15200,-0.02957512454987623
15210,-0.03257965027660732
15220,-0.03490694587545547
15229.999999999998,-0.03648810594051208
15240,-0.03728174575280639
15250,-0.03727571606981812
15260,-0.03648741100785753
15269.999999999998,-0.03496266478620856
15279.999999999998,-0.03277330709053879
15290,-0.03001351571415684
15300,-0.026795165141583695
15309.999999999998,-0.02324241773339724
15319.999999999998,-0.01948583794090526
15330,-0.015656328235515098
15340,-0.011879187904323133
15349.999999999998,-0.00826858311426566
15359.999999999998,-0.004922690073118798
15370,-0.0019197346679352995
15380,6.848959436113922E-4
15390,0.0028603490560434497
15399.999999999998,0.004600747554441386
15410,0.005924374824641587
15420,0.0068716608989264115
15430,0.007502082902642329
15439.999999999998,0.007890142814983228
15449.999999999998,0.008120627947635767
15460,0.008283392729185119
15470,0.008467922981048143
15479.999999999998,0.00875795482172081
15489.999999999998,0.009226418930403628
15500,0.009930966866411867
15510,0.010910309695576216
15519.999999999998,0.012181561102259441
15529.999999999998,0.013738728857257743
15540,0.01555244196283801
15550,0.017570938591985184
15560,0.019722275128285737
15569.999999999998,0.021917652600481143
15580,0.024055697127597128
15590,0.026027479102025845
15600,0.02772201487647795
15609.999999999998,0.02903196724961812
15619.999999999998,0.029859248876465315
15629.999999999998,0.03012023674213017
15639.999999999998,0.029750325920483774
15650,0.028707585850105646
15660,0.026975330247244304
15670,0.024563469655802538
15680,0.02150858009370687
15689.999999999998,0.017872688483971208
15699.999999999998,0.013740841744341736
15709.999999999998,0.009217587862700657
15719.999999999998,0.004422550804967402
15730.000000000002,-5.146759757579168E-4
15740,-0.005460062205556613
15750,-0.010280827559807387
15760,-0.014851007526950245
15770,-0.019056633921959297
15779.999999999998,-0.02280028862966841
15789.999999999998,-0.02600482305206686
15799.999999999998,-0.028616078566653106
15809.999999999998,-0.030604492825616204
15820,-0.03196553061386491
15830,-0.032718933797868145
15840,-0.03290684028459329
15850,-0.03259087456205088
15860,-0.031848360157354025
15869.999999999998,-0.03076784524226378
15879.999999999998,-0.029444164873472723
15889.999999999998,-0.02797328548713703
15900.000000000002,-0.026447188128292273
15910,-0.024949045725721597
15920,-0.023548936281772702
15930,-0.02230030838743173
15940,-0.021237378900769856
15949.999999999998,-0.020373596405426367
15959.999999999998,-0.019701250289296212
15969.999999999998,-0.019192246541856618
15979.999999999998,-0.018800010675374255
15990,-0.018462418779182
16000,-0.018105602934288034
16010,-0.017648430184928277
16020,-0.017007417769961033
16030,-0.016101823538609783
16039.999999999998,-0.01485864088122047
16049.999999999998,-0.013217232680474417
16059.999999999998,-0.011133358443027928
16070.000000000002,-0.008582381702845143
16080,-0.005561489024973272
16090,-0.0020908048255013703
16100,0.0017866553252259723
16110,0.006006189603599893
16119.999999999998,0.010483710232515398
16129.999999999998,0.015119021235243514
16139.999999999998,0.01979990768476048
16149.999999999998,0.024406831897256693
16160,0.028818004480411802
16170,0.032914582671156496
16180,0.036585745299782604
16190,0.039733402723288645
16200,0.04227632034455464
16209.999999999998,0.04415346459599685
16219.999999999998,0.04532641888417771
16229.999999999998,0.045780762059094295
16240.000000000002,0.045526351429112634
16250,0.04459650400106053
16260,0.04304612128939199
16270,0.04094885250442711
16280,0.03839343608616407
16289.999999999998,0.03547939840934239
16299.999999999998,0.03231231924962417
16309.999999999998,0.028998894753723428
16319.999999999998,0.025642039011058205
16330,0.022336264141845162
16340,0.01916356584424231
16350,0.016190016913450435
16360,0.013463236271436748
16370,0.011010857068681773
16379.999999999998,0.008840066508888604
16390,0.006938234789200943
16399.999999999996,0.00527459383028716
16410,0.0038028714072512256
16420,0.0024647359472840967
16430,0.0011938645199177282
16440,-7.958613382674727E-5
16450,-0.0014243464144954535
16460,-0.0029034870023218087
16470,-0.004570200896714176
16479.999999999996,-0.0064641379521818915
16489.999999999996,-0.00860848465861057
16500,-0.011007941098756665
16510,-0.013647698664097157
16520,-0.01649346902966435
16530,-0.01949256005641955
16540,-0.022575940666521258
16550,-0.02566118709592859
16560,-0.02865615968908334
16569.999999999996,-0.03146322453967581
16579.999999999996,-0.03398380923968236
16590,-0.03612306766974379
16600,-0.037794425483152747
16610,-0.038923785530983974
16620,-0.0394531903048861
16630,-0.039343765506035654
16640,-0.03857780371981864
16649.999999999996,-0.037159888257978495
16659.999999999996,-0.03511700270263016
16670,-0.03249761956715335
16680,-0.029369809725142446
16690,-0.025818460736869147
16700,-0.02194173485809365
16710,-0.01784693435997842
16720,-0.013645971019489894
16730,-0.009450656713578953
16739.999999999996,-0.005368041784289984
16749.999999999996,-0.0014960264954344369
16760,0.002080541734054282
16770,0.005293096198420296
16780,0.00809174826620063
16790,0.01044674053544682
16800,0.012348890292368818
16810,0.01380900977828417
16819.999999999996,0.014856342734988879
16829.999999999996,0.015536107715780947
16840,0.015906284848768677
16850,0.016033821529050068
16860,0.01599046170634904
16870,0.015848421449956542
16880,0.015676139358456555
16890,0.015534323988565683
16900,0.015472502294660259
16909.999999999996,0.015526244360867641
16919.999999999996,0.015715202208696072
16930,0.01604205644848278
16940,0.016492416478048944
16950,0.017035670480498023
16960,0.01762673318452617
16970,0.01820859464628703
16980,0.01871553427388576
16989.999999999996,0.01907683266101493
16999.999999999996,0.01922079081065969
17010,0.019078852818543584
17020,0.01858962444529968
17030,0.017702586149556027
17040,0.016381314657232512
17050,0.014606051172680554
17060,0.012375485792858566
17070,0.00970766515772997
17079.999999999996,0.006639972240763629
17089.999999999996,0.003228171630651388
17100,-4.55441273604662E-4
17110,-0.0043247050773561075
17120,-0.008282948944018551
17130,-0.012226883864096285
17140,-0.016050844096425796
17150,-0.019651175502263647
17159.999999999996,-0.022930558673038674
17169.999999999996,-0.02580205656700173
17180,-0.028192688936230923
17190,-0.030046358735000684
17200,-0.031325987892065484
17210,-0.03201475973241124
17220,-0.03211641084650173
17230,-0.03165456389349405
17240,-0.03067114199790361
17249.999999999996,-0.02922395234400016
17259.999999999996,-0.02738356866269056
17270,-0.02522967724441935
17280,-0.022847076999643074
17290,-0.02032153962374354
17300,-0.017735740389612918
17310,-0.01516546346681903
17320,-0.012676268526130158
17330,-0.0103207789141379
17339.999999999996,-0.008136717492490782
17350,-0.006145776339037946
17360,-0.004353363080270384
17370,-0.0027492219789028516
17380,-0.0013088842349345653
17390,4.138607966048673E-6
17400,0.0012355399357028567
17410,0.0024369330166999596
17419.999999999996,0.003662268247509657
17429.999999999996,0.004964138461020384
17440,0.006390162356885484
17450,0.007979631428562674
17460,0.009760592401557367
17470,0.011747515755580881
17480,0.01393967233380711
17490,0.016320305558771727
17500,0.018856647896215023
17509.999999999996,0.0215007886454334
17520,0.02419135781213279
17530,0.026855949728521313
17540,0.029414172278574516
17550,0.031781175000166445
17560,0.03387148375721454
17570,0.03560295256167404
17580,0.03690063556374408
17589.999999999996,0.03770038479111938
17599.999999999996,0.03795199195313651
17610,0.03762171497920542
17620,0.03669406084058686
17630,0.03517273397414704
17640,0.03308070226261343
17650,0.03045937766483179
17660,0.027366953761014296
17670,0.023875985172472806
17679.999999999996,0.02007033173297475
17690,0.016041621396008243
17700,0.01188540859415481
17710,0.007697218032293427
17720,0.003568667202768341
17730,-4.1614570368165E-4
17740,-0.004183817748778436
17750,-0.007674234512495775
17759.999999999996,-0.01084246513528244
17769.999999999996,-0.01365987969364133
17780,-0.016114448748296702
17790,-0.01821022540315651
17800,-0.019966049993515044
17810,-0.021413554750799164
17820,-0.022594578827409284
17830,-0.023558131481422384
17840,-0.024357061879902435
17849.999999999996,-0.02504460701628497
17860,-0.02567099412924658
17870,-0.026280270540114697
17880,-0.026907522138397404
17890,-0.027576622309910016
17900,-0.02829862674076335
17910,-0.029070897386882077
17920,-0.02987700240574577
17929.999999999996,-0.030687399710634028
17939.999999999996,-0.03146087189281642
17950,-0.03214664157237155
17960,-0.03268706076602548
17970,-0.03302073751071597
17980,-0.033085939435011286
17990,-0.0328240985843314
18000,-0.032183235529912375
18010,-0.031121124058855112
18019.999999999996,-0.029608030477948587
18030,-0.027628883115453532
18040,-0.025184756837730367
18050,-0.02229359269571904
18060,-0.0189901122468386
18070,-0.015324927466675478
18080,-0.011362888225624328
18090,-0.0071807478231968695
18099.999999999996,-0.0028642610413786955
18109.999999999996,0.0014951431494362138
18120,0.005803952036770981
18130,0.009970249012456257
18140,0.013907306402847175
18150,0.0175369210214576
18160,0.02079233663015902
18170,0.023620619319556575
18180,0.025984379786643138
18189.999999999996,0.027862769119811837
18200,0.029251710366148757
18210,0.030163365135437523
18220,0.030624871076820687
18230,0.030676420581559113
18240,0.030368781990347836
18250,0.02976039053581386
18260,0.028914156088251826
18269.999999999996,0.02789414758379309
18279.999999999996,0.026762319202080945
18290,0.02557544062242835
18300,0.024382383092007732
18310,0.02322189498522556
18320,0.02212097580053147
18330,0.021093927238713162
18340,0.02014212555616286
18350,0.01925452246951462
18359.999999999996,0.018408844352774456
18369.999999999996,0.017573423261758973
18380,0.016709560358726745
18390,0.015774294386520175
18400,0.014723426496226152
18410,0.013514639174400512
18420,0.012110542016024557
18430,0.010481480956742872
18439.999999999996,0.008607960092887041
18449.999999999996,0.006482545702515184
18460,0.004111149360203416
18470,0.0015136196184687245
18480,-0.0012763922319909895
18490,-0.004212289241955443
18500,-0.007236068600613011
18510,-0.010280469413305841
18520,-0.013271623326223869
18529.999999999996,-0.016132078143927503
18539.999999999996,-0.01878404669312348
18550,-0.02115272287171334
18560,-0.023169504431053565
18570,-0.024774967531248766
18580,-0.025921451039680233
18590,-0.0265751281848464
18600,-0.02671746844672993
18609.999999999996,-0.026346022250571647
18619.999999999996,-0.025474493645517734
18630,-0.02413210022973493
18640,-0.02236225348960452
18650,-0.020220624977301205
18660,-0.01777269280123169
18670,-0.015090887485392803
18680,-0.012251475127213352
18690,-0.009331328093936353
18699.999999999996,-0.006404738550374359
18709.999999999996,-0.003540427622274324
18720,-7.988929866966111E-4
18730,0.0017697794536323376
18740,0.004127537636285929
18750,0.006249345700046923
18760,0.008123485752812503
18770,0.009751172909226386
18779.999999999996,0.011145512597847988
18789.999999999996,0.012329862822874009
18800,0.013335694485721144
18810,0.014200068405723082
18820,0.014962866929377771
18830,0.01566392996347474
18840,0.0163402492736777
18850,0.017023370781268216
18860,0.017737142639008684
18869.999999999996,0.018495927787419868
18879.999999999996,0.019303374566178803
18890,0.020151809210233997
18900,0.021022281297322483
18910,0.021885259222958923
18920,0.02270193930075648
18930,0.023426100854703688
18940,0.02400641219828651
18949.999999999996,0.02438907000218978
18959.999999999996,0.024520638244447234
18970,0.02435094340297806
18980,0.02383588013910085
18990,0.0229399864353817
19000,0.021638658669554216
19010,0.019919894805330247
19020,0.017785476877101008
19030,0.015251531118338296
19039.999999999996,0.012348434165474128
19049.999999999996,0.009120065332155994
19060,0.005622436540251727
19070,0.0019217616141812288
19080,-0.0019079461260861539
19090,-0.005787636019680848
19100,-0.009636212350926642
19110,-0.013373615744054037
19119.999999999996,-0.016923848125857826
19129.999999999996,-0.02021779837428121
19140,-0.023195735555726054
19150,-0.02580935313646633
19160,-0.028023269958996042
19170,-0.029815920994839474
19180,-0.031179801546761608
19190,-0.03212106108790544
19200,-0.03265847560124953
19209.999999999996,-0.032821858388488556
19219.999999999996,-0.03264999721983422
19230,-0.032188228913177755
19240,-0.03148577976354779
19250,-0.03059301079875439
19260,-0.02955871012193749
19270,-0.028427570506174938
19280,-0.0272379792366249
19289.999999999996,-0.026020229624119616
19299.999999999996,-0.02479524064570382
19310,-0.023573844067714393
19320,-0.02235666863180059
19330,-0.021134619982149733
19340,-0.01988992456531595
19350,-0.01859767723955321
19360,-0.017227807177034565
19370,-0.015747355994537603
19379.999999999996,-0.014122946855048085
19389.999999999996,-0.012323314194473287
19400,-0.010321761111954656
19410,-0.00809841538130782
19420,-0.005642165250062057
19430,-0.0029521721811166194
19440,-3.887867096770796E-5
19450,0.0030755457463091966
19459.999999999996,0.006357349420158954
19469.999999999996,0.009761934275273627
19480,0.013235152768025334
19490,0.01671510858716719
19500,0.020134378273639956
19510,0.023422549606522385
19520,0.026508956340655948
19530,0.02932547854573712
19540,0.03180927395444719
19549.999999999996,0.03390530863508483
19559.999999999996,0.0355685648565138
19570,0.03676581977637958
19580,0.03747690976544383
19590,0.03769542072161526
19600,0.03742877329268328
19610,0.03669770205039385
19620,0.03553515774083138
19629.999999999996,0.03398469023281862
19639.999999999996,0.03209839518302093
19650,0.029934528455642526
19660,0.027554907887930594
19670,0.025022231340584587
19680,0.02239744268643108
19690,0.019737273410681017
19700,0.017092077118795523
19710,0.01450405808269928
19719.999999999996,0.012005973909690578
19729.999999999996,0.009620367628288195
19740,0.007359357229566805
19750,0.0052249823999568935
19760,0.0032100802063354727
19770,0.0012996352529801663
19780,-5.274734604586408E-4
19790,-0.002296425962461775
19799.999999999996,-0.004034226272799648
19809.999999999996,-0.005767398841400007
19820,-0.007519739117633769
19830,-0.009310237557825085
19840,-0.011151287160480793
19850,-0.013047269975417719
19860,-0.014993598687203373
19870,-0.016976266241980245
19880,-0.018971930706259563
19889.999999999996,-0.020948535346618488
19899.999999999996,-0.022866436659100604
19910,-0.024679987081201737
19920,-0.026339495719143274
19930,-0.02779347078454372
19940,-0.028991032599499957
19950,-0.029884376755842303
19960,-0.03043116383455163
19969.999999999996,-0.030596715174677977
19979.999999999996,-0.03035590341857333
19990,-0.02969464147804471
20000,-0.028610893413950875
20010,-0.027115154474921372
20020,-0.02523037395879933
20030,-0.022991322279663825
20040,-0.020443431192082438
20050,-0.017641162125803165
20059.999999999996,-0.014645980683621138
20069.999999999996,-0.011524034382975348
20080,-0.008343644745044745
20090,-0.005172733176862578
20100,-0.0020763023988504864
20110,8.859086142516197E-4
20120,0.0036614878166345527
20130,0.006207037914309137
20140,0.008489414685578041
20149.999999999996,0.010486464449764008
20159.999999999996,0.012187234414699662
20170,0.013591655745780544
20180,0.01470972505181599
20190,0.015560234336590864
20200,0.016169121131512736
20210,0.01656752850761171
20220,0.016789678091233984
20229.999999999996,0.016870667485469542
20239.999999999996,0.016844306229202924
20250,0.01674110150896612
20260,0.016586496426435386
20270,0.01639945012380791
20280,0.01619143116093672
20290,0.01596587407010964
20300,0.015718125078189694
20310,0.015435877727335057
20319.999999999996,0.015100073845040836
20329.999999999996,0.014686221245279527
20340,0.014166057944013407
20350,0.013509474617887087
20360,0.012686593488865631
20370,0.011669893462134207
20380,0.010436268643811126
20390,0.008968910454269126
20399.999999999996,0.007258912286968033
20409.999999999996,0.0053065095899429695
20420,0.003121886639997921
20430,7.255031871256472E-4
20440,-0.0018520815841118656
20450,-0.004570884944319127
20460,-0.007382648356925887
20470,-0.010232405372973144
20480,-0.01306039701349244
20489.999999999996,-0.01580424472313031
20499.999999999996,-0.018401278335422558
20510,-0.020790909021555313
20520,-0.022916935252937573
20530,-0.02472967341545168
20540,-0.026187813654777993
20550,-0.02725991529469152
20560,-0.02792547404538789
20569.999999999996,-0.028175514272478882
20579.999999999996,-0.028012682788596626
20590,-0.027450844793265785
20600,-0.026514206556204917
20610,-0.025236012040206368
20620,-0.023656880817926437
20630,-0.021822871380170136
20640,-0.019783366476224255
20650,-0.017588884868533647
20659.999999999996,-0.015288926472089157
20669.999999999996,-0.012929955160541524
20680,-0.010553615703666714
20690,-0.008195268736192357
20700,-0.005882910973879524
20710,-0.0036365279119744813
20720,-0.0014679039594494984
20730,6.191085039591773E-4
20739.999999999996,0.002627883133520414
20749.999999999996,0.004567920964570034
20760,0.006453423344720608
20770,0.008301617341555375
20780,0.010130926958500475
20790,0.01195909111450239
20800,0.01380133174607717
20810,0.015668672460129828
20820,0.017566500066582166
20829.999999999996,0.019493448475796357
20839.999999999996,0.021440667545343326
20850,0.02339151938356111
20860,0.02532172241691504
20870,0.02719994035902643
20880,0.028988790266633247
20890,0.0306462223181488
20900,0.032127204873877865
20909.999999999996,0.03338563274327983
20919.999999999996,0.034376365138286534
20930,0.03505729309438657
20940,0.03539133447477053
20950,0.03534825809500704
20960,0.03490624679597986
20970,0.03405312201342272
20980,0.03278716888068595
20990,0.031117520322681717
20999.999999999996,0.029064079991179013
21009.999999999996,0.02665698618828281
21020,0.023935641050839822
21030,0.020947350131461297
21040,0.017745636117095513
21050,0.014388305864983932
21060,0.010935361469189012
21070,0.007446853144027059
21079.999999999996,0.003980773979976288
21089.999999999996,5.910939902022903E-4
21100,-0.0026739765503414393
21110,-0.005773416295629781
21120,-0.008674452023071775
21130,-0.0113532039996643
21140,-0.013794894498516157
21150,-0.015993618319306794
21160,-0.017951696011113932
21169.999999999996,-0.019678651200310357
21179.999999999996,-0.021189871944156335
21190,-0.02250503142138538
21200,-0.02364635475496791
21210,-0.02463682576240039
21220,-0.025498429599462136
21230,-0.026250524511772844
21240,-0.02690842839761849
21249.999999999996,-0.02748229402258215
21259.999999999996,-0.027976331149703656
21270,-0.028388415372516997
21280,-0.02871010303761421
21290,-0.02892705036522992
21300,-0.029019813821857622
21310,-0.028964989032309093
21320,-0.028736628033437666
21330,-0.02830786033955892
21339.999999999996,-0.02765263279667593
21349.999999999996,-0.026747477062327607
21360,-0.025573212014874343
21370,-0.02411649153475663
21380,-0.02237111570242137
21390,-0.02033903513705295
21400,-0.01803099334161747
21410,-0.01546676977245496
21419.999999999996,-0.012675006016221407
21429.999999999996,-0.009692617972212348
21440,-0.006563817285032656
21450,-0.003338784470996601
21460,-7.205327369159903E-5
21470,0.0031793200392866068
21480,0.006357718187732677
21490,0.009406964532071233
21500,0.012274272257225605
21509.999999999996,0.014912051069701485
21519.999999999996,0.01727948842541582
21530,0.019343833408792675
21540,0.021081326030896377
21550,0.022477732152186635
21560,0.02352846361050055
21570,0.0242382834627318
21580,0.02462061650557156
21589.999999999996,0.02469650441290865
21599.999999999996,0.024493261929954116
21610,0.024042904754345975
21620,0.023380430280319144
21630,0.022542038776869413
21640,0.021563384499297095
21650,0.020477943619102573
21660,0.019315578872816694
21670,0.018101369838708324
21679.999999999996,0.016854763370678965
21689.999999999996,0.015589081671646994
21700,0.01431140670680203
21710,0.013022840059756223
21720,0.011719117972877826
21730,0.010391543113922048
21740,0.009028178529526502
21750,0.007615236030280658
21759.999999999996,0.006138581579861288
21769.999999999996,0.004585274552992226
21780,0.002945056269997797
21790,0.0012117060242356342
21800,-6.158102512008615E-4
21810,-0.002532462863842208
21820,-0.004526603108079161
21830,-0.006579763830253436
21840,-0.00866683172125518
21849.999999999996,-0.010756588410941181
21859.999999999996,-0.012812598753310386
21870,-0.014794407069402197
21880,-0.016658986433097177
21890,-0.01836237311301925
21900,-0.019861408670725205
21910,-0.021115506437800028
21920,-0.022088357445820658
21929.999999999996,-0.022749493453278747
21939.999999999996,-0.023075631376692336
21949.999999999996,-0.02305173386787565
21960,-0.022671734461663026
21970,-0.021938891970445924
21980,-0.020865756802676026
21990,-0.01947375072936777
22000,-0.017792380360364315
22010,-0.015858122278776587
22019.999999999996,-0.013713033518537015
22029.999999999996,-0.01140315407508626
22040,-0.00897677775207421
22050,-0.006482673408772959
22060,-0.003968340300147342
22070,-0.0014783786461515446
22080,9.469500206198809E-4
22090,0.0032729084321607934
22099.999999999996,0.005471164163039985
22109.999999999996,0.007520330078162266
22119.999999999996,0.009406146912111548
22130,0.011121308354533245
22140,0.01266494692087959
22150,0.01404181570512751
22160,0.015261215995637638
22170,0.016335732975702243
22180,0.017279850729258486
22189.999999999996,0.018108523116915885
22199.999999999996,0.018835778537517164
22210,0.019473434100988653
22220,0.020029988464699947
22230,0.02050975284878383
22240,0.020912267063152034
22250,0.021232032369007437
22260,0.021458576438473233
22269.999999999996,0.021576848366552152
22279.999999999996,0.0215679245203294
22289.999999999996,0.021409989806032283
22300,0.02107954453693299
22310,0.020552775177226142
22320,0.019807018456840835
22330,0.018822243104281176
22340,0.017582472037642422
22350,0.01607707032341858
22359.999999999996,0.014301830487631664
22369.999999999996,0.012259796477979215
22380,0.009961780303658548
22390,0.007426540417482853
22400,0.004680607547939012
22410,0.0017577610508686017
22420,-0.0013018239227412102
22430,-0.004452721939476611
22439.999999999996,-0.007645644603576512
22449.999999999996,-0.01082900699709355
22459.999999999996,-0.013950601890275345
22470,-0.016959305273962583
22480,-0.019806735487921962
22490,-0.022448790781668306
22500,-0.02484699642259875
22510,-0.026969602089020814
22520,-0.028792382778892654
22529.999999999996,-0.03029911115401061
22539.999999999996,-0.03148168539851409
22550,-0.032339913470311274
22560,-0.03288097123086006
22570,-0.03311856753878175
22580,-0.03307186320864512
22590,-0.03276420212213806
22600,-0.03222172117289417
22609.999999999996,-0.031471910749539846
22619.999999999996,-0.030542198893193144
22629.999999999996,-0.029458630040944477
22640,-0.028244703549917993
22650,-0.026920428247189706
22660,-0.025501637573414636
22670,-0.023999596026426782
22680,-0.022420912304918675
22690,-0.02076775852862652
22699.999999999996,-0.019038379006541657
22709.999999999996,-0.017227857004769982
22720,-0.015329094608362251
22730,-0.013333949729687758
22740,-0.01123446615618164
22750,-0.009024127663209987
22760,-0.0066990658829281565
22770,-0.0042591538984666924
22779.999999999996,-0.0017089232905870852
22789.999999999996,9.417486746590457E-4
22799.999999999996,0.0036772233395683386
22810,0.006475984219572671
22820,0.009310832372644308
22830,0.012149390200316763
22840,0.014954894566137203
22850,0.01768724534406456
22860,0.020304262449532453
22869.999999999996,0.022763093720341705
22879.999999999996,0.025021708233603078
22890,0.027040405149559174
22900,0.02878326717551662
22910,0.0302194902731073
22920,0.03132452714666636
22930,0.032080991030222
22940,0.0324792778747544
22949.999999999996,0.032517878628783616
22959.999999999996,0.032203368223985826
22969.999999999996,0.03155007337282457
22980,0.030579436594275596
22990,0.029319108252737414
23000,0.027801811124335496
23010,0.026064032482539294
23020,0.02414460641652762
23030,0.02208325370299233
23039.999999999996,0.01991914782974506
23049.999999999996,0.017689573678550872
23060,0.015428740022617645
23070,0.013166798673455151
23080,0.010929112223764699
23090,0.008735799451900643
23100,0.006601573194154896
23110,0.004535870600900604
23120,0.002543260884153627
23129.999999999996,6.241017095011983E-4
23139.999999999996,-0.0012245970402247998
23150,-0.0030081536578653516
23160,-0.004733098271021055
23170,-0.006406023401686265
23180,-0.008032466305086349
23190,-0.00961588587564762
23200,-0.011156791598611052
23209.999999999996,-0.012652073770995443
23219.999999999996,-0.014094573459729169
23230,-0.01547291794450026
23240,-0.016771633394552385
23250,-0.01797153193919981
23260,-0.019050355892532702
23270,-0.019983648390233862
23280,-0.020745807791074062
23290,-0.02131127348215933
23299.999999999996,-0.021655783679032474
23309.999999999996,-0.021757641791999537
23320,-0.021598927099632483
23330,-0.021166587889808155
23340,-0.02045336072063302
23350,-0.01945846777386956
23360,-0.018188054947505687
23370,-0.01665534586769204
23379.999999999996,-0.014880500721476668
23389.999999999996,-0.012890183075192853
23400,-0.010716851915252715
23410,-0.008397809356683616
23420,-0.005974046154247364
23430,-0.003488936755198569
23440,-9.868426923167514E-4
23450,0.0014883127183223067
23460,0.0038944343194934924
23469.999999999996,0.006192547686726977
23479.999999999996,0.008347937382821018
23490,0.010331081771569925
23500,0.012118345459450787
23510,0.013692402491410372
23520,0.015042376733195726
23530,0.016163699775545593
23540,0.017057700488063734
23549.999999999996,0.017730953352254882
23559.999999999996,0.018194424255858023
23569.999999999996,0.018462461964754998
23580,0.018551690524313214
23590,0.01847986203908776
23600,0.01826473043317687
23610,0.017923004860969344
23620,0.017469436534334918
23630,0.016916085117008182
23639.999999999996,0.01627180092268922
23649.999999999996,0.015541947445140048
23660,0.014728375870470857
23670,0.01382964981868365
23680,0.012841505337979179
23690,0.011757518786927872
23700,0.010569944323092818
23710,0.009270673809257434
23719.999999999996,0.007852265494815812
23729.999999999996,0.006308984137882069
23739.999999999996,0.0046377944797953655
23750,0.0028392521856835397
23760,9.182414025114087E-4
23770,-0.0011154843073774685
23780,-0.0032469911136949127
23790,-0.005456106132802669
23800,-0.0077176201178910655
23809.999999999996,-0.010001747975029406
23819.999999999996,-0.012274830563611401
23830,-0.014500249156262517
23840,-0.016639513248904777
23850,-0.018653473658702582
23860,-0.020503606452066565
23870,-0.022153309522948274
23880,-0.02356915277608698
23889.999999999996,-0.02472202490007411
23899.999999999996,-0.025588124540332553
23909.999999999996,-0.026149751061677308
23920,-0.026395859654499816
23930,-0.02632235681371414
23940,-0.025932124638030376
23950,-0.02523477534585019
23960,-0.02424615022639399
23970,-0.022987589313552617
23979.999999999996,-0.021485008769944917
23989.999999999996,-0.019767831782752175
24000,-0.01786782525715647
24010,-0.015817898435992954
24020,-0.013650920602964741
24030,-0.011398613190653469
24040,-0.00909056704548027
24050,-0.006753428526010367
24059.999999999996,-0.0044102889223929884
24069.999999999996,-0.0020803008498054224
24079.999999999996,2.2146664701967002E-4
24090,0.002483934929132566
24100,0.004699697420462343
24110,0.006864500429922592
24120,0.008976557592895968
24130,0.011035740661628086
24140,0.013042695391591424
24149.999999999996,0.014997934766926305
24159.999999999996,0.016900962592406987
24170,0.018749478570544098
24180,0.020538711439407855
24190,0.02226091987115919
24200,0.02390509191371262
24210,0.025456863320685398
24220,0.026898663616458932
24229.999999999996,0.02821008683602121
24239.999999999996,0.029368472081894973
24249.999999999996,0.030349668027170092
24260,0.031128945729518492
24270,0.03168201617724104
24280,0.03198610318603598
24290,0.03202101896246833
24300,0.031770188955036895
24310,0.031221574612769788
24319.999999999996,0.030368447221847294
24329.999999999996,0.029209972904848742
24340,0.027751577766396796
24350,0.026005072634427487
24360,0.023988528335479993
24370,0.021725904388827683
24380,0.019246445808926316
24390,0.01658387377219365
24399.999999999996,0.013775405689944092
24409.999999999996,0.010860648238063214
24419.999999999996,0.007880412740505001
24430,0.00487550569598568
24440,0.0018855480245968629
24450,-0.00105212524186813
24460,-0.003903437475368335
24470,-0.006638374499685794
24480,-0.009231588108541222
24489.999999999996,-0.011662777118621792
24499.999999999996,-0.013916835122017062
24510,-0.01598376564215504
24520,-0.017858376771485815
24530,-0.01953977803669881
24540,-0.021030711650248404
24550,-0.022336758025133782
24560,-0.023465461064719532
24569.999999999996,-0.024425422039572795
24579.999999999996,-0.025225411669192194
24589.999999999996,-0.025873548323652316
24600,-0.02637658614393752
24610,-0.026739350574062678
24620,-0.026964350627133003
24630,-0.027051587596272676
24640,-0.026998569346979348
24650,-0.026800528343189082
24659.999999999996,-0.026450830694624967
24669.999999999996,-0.0259415533428681
24680,-0.02526419751002112
24690,-0.02441049919643777
24700,-0.023373292175459564
24710,-0.022147375884192126
24720,-0.020730339982780305
24730,-0.019123299197038562
24739.999999999996,-0.017331496265765283
24749.999999999996,-0.015364737176215448
24759.999999999996,-0.013237631069220282
24770,-0.010969616805612259
24780,-0.00858476873684385
24790,-0.006111385163744561
24800,-0.0035813737668807296
24810,-0.0010294583865887326
24820,0.0015077595678365326
24829.999999999996,0.003992844550973563
24839.999999999996,0.006388629378964083
24850,0.008659328031299285
24860,0.010771609414286072
24870,0.01269558458835085
24880,0.014405664124202569
24890,0.01588124852584131
24900,0.017107222706262592
24909.999999999996,0.01807423493257773
24919.999999999996,0.018778750977143106
24929.999999999996,0.019222884923450353
24940,0.01941401862968645
24950,0.019364231744198445
24960,0.019089572896348668
24970,0.018609209844137862
24980,0.017944501588130726
24990,0.017118038528457447
24999.999999999996,0.016152697497808646
